{"cameraMode":{"drawMode":0,"name":"Shaded","section":"Shading Mode"},"sceneLighting":false,"audioPlay":false,"sceneViewState":{"m_AlwaysRefresh":false,"showFog":true,"showSkybox":false,"showFlares":true,"showImageEffects":true,"showParticleSystems":true,"showVisualEffectGraphs":true,"m_FxEnabled":true},"in2DMode":false,"pivot":{"x":0.16123098134994508,"y":0.14114165306091309,"z":-61.606719970703128},"rotation":{"x":0.0058210063725709919,"y":-0.9904842376708984,"z":0.1305985152721405,"w":0.04371163994073868},"size":3.7330322265625,"orthographic":true}