{"cameraMode":{"drawMode":0,"name":"Shaded","section":"Shading Mode"},"sceneLighting":true,"audioPlay":false,"sceneViewState":{"m_AlwaysRefresh":false,"showFog":true,"showSkybox":true,"showFlares":true,"showImageEffects":true,"showParticleSystems":true,"showVisualEffectGraphs":true,"m_FxEnabled":true},"in2DMode":false,"pivot":{"x":2553.1982421875,"y":874.26611328125,"z":16.661178588867189},"rotation":{"x":-0.023997867479920389,"y":0.004498896189033985,"z":0.00010404339263914153,"w":0.9997127652168274},"size":649.6140747070313,"orthographic":false}