{"cameraMode":{"drawMode":0,"name":"Shaded","section":"Shading Mode"},"sceneLighting":false,"audioPlay":false,"sceneViewState":{"m_AlwaysRefresh":false,"showFog":true,"showSkybox":false,"showFlares":true,"showImageEffects":true,"showParticleSystems":true,"showVisualEffectGraphs":true,"m_FxEnabled":true},"in2DMode":false,"pivot":{"x":0.636285662651062,"y":0.20280194282531739,"z":10.036226272583008},"rotation":{"x":0.15383003652095796,"y":0.09058400988578797,"z":-0.014184447005391121,"w":0.9838582873344421},"size":1.3052185773849488,"orthographic":true}