{"cameraMode":{"drawMode":0,"name":"Shaded","section":"Shading Mode"},"sceneLighting":false,"audioPlay":false,"sceneViewState":{"m_AlwaysRefresh":false,"showFog":true,"showSkybox":false,"showFlares":true,"showImageEffects":true,"showParticleSystems":true,"showVisualEffectGraphs":true,"m_FxEnabled":true},"in2DMode":false,"pivot":{"x":1920.0101318359375,"y":1080.2069091796875,"z":45.0288200378418},"rotation":{"x":0.001498623052611947,"y":-0.03749142959713936,"z":0.00005848003274877556,"w":0.9993040561676025},"size":2203.478515625,"orthographic":false}